<?xml version="1.0" encoding="utf-8"?>
<soap:Envelope xmlns:soap="http://schemas.xmlsoap.org/soap/envelope/" xmlns:xsi="http://www.w3.org/2001/XMLSchema-instance" xmlns:xsd="http://www.w3.org/2001/XMLSchema"><soap:Body><GetNewFiles2Response xmlns="http://www.tenx.com.tw"><GetNewFiles2Result><IsNewVersion>true</IsNewVersion><ProgId>TX8051_ZH_FW</ProgId><FileName>V3.b8.hex</FileName><FileURL>http://www.tenx.com.tw/Files/Tools/101/333/V3.b8.hex</FileURL><VerNo>V3.b8</VerNo><BuildNo>000</BuildNo><FileDesc>V3.b8.hex</FileDesc><FileModifyDate>2015-04-22T00:00:00</FileModifyDate></GetNewFiles2Result></GetNewFiles2Response></soap:Body></soap:Envelope>
